Images,Name,Price,Sizes,URL
/1920lobster/prod_images/med/1920-lobster-halldor-1174.png,Halldor Pro,€489.95,"151 - LAST FEW!,156W - LAST FEW!,157 - LAST FEW!,159 - LAST FEW!,159W - LAST FEW!",https://www.lobstersnowboards.com/shop/halldor-pro--681
/1920lobster/prod_images/med/1819-danny-larsen-955.png,Larsen Artist Addition,,"153 - LAST FEW!,156 - LAST FEW!,161W - LAST FEW!",https://www.lobstersnowboards.com/shop/larsen-artist-addition-555
/1920lobster/prod_images/med/1819-schoph-950.png,Schoph Artist Addition,,"154 - LAST FEW!,157 - LAST FEW!",https://www.lobstersnowboards.com/shop/schoph-artist-addition-554
/1920lobster/prod_images/med/1819-eiki-954.png,Eiki Pro,,"151 - LAST FEW!,156 - LAST FEW!",https://www.lobstersnowboards.com/shop/eiki-pro--550
/1920lobster/prod_images/med/1819-sender-953.png,Sender,,,https://www.lobstersnowboards.com/shop/sender--553
/1920lobster/prod_images/med/1819-boards-lobster-halldor-870.png,Halldor Pro,,"157 - LAST FEW!,159 - LAST FEW!",https://www.lobstersnowboards.com/shop/halldor-pro-519
/1920lobster/prod_images/med/1819-stomper-952.png,Stomper,,"157 - LAST FEW!,159 - LAST FEW!",https://www.lobstersnowboards.com/shop/stomper-552
/1920lobster/prod_images/med/1819-deathlabel-949.png,Lobster x Death Label,,"151 - LAST FEW!,155 - LAST FEW!",https://www.lobstersnowboards.com/shop/lobster-x-death-label--556
/1920lobster/prod_images/med/1819-boards-lobster-jibboard-869.png,Jib board,,151 - LAST FEW!,https://www.lobstersnowboards.com/shop/jib-board-518
/1920lobster/prod_images/med/1819-park-951.png,Park board,,148 - LAST FEW!,https://www.lobstersnowboards.com/shop/park-board--551
/1920lobster/prod_images/med/1920-lobster-stomper-1180.png,Stomper,€459.95,"153 - LAST FEW!,156 - LAST FEW!,159 - LAST FEW!,161W - LAST FEW!",https://www.lobstersnowboards.com/shop/stomper--685
/1920lobster/prod_images/med/1920-lobster-driver-flip-1170.png,Driver,€429.95,,https://www.lobstersnowboards.com/shop/driver-679
/1920lobster/prod_images/med/1920-lobster-lucas-beaufort-1176.png,Lucas Beaufort Artist Edition,€449.95,,https://www.lobstersnowboards.com/shop/lucas-beaufort-artist-edition-682
/1920lobster/prod_images/med/1920-lobster-sender-1178.png,Sender,€529.95,"151 - LAST FEW!,154 - LAST FEW!,157 - LAST FEW!,159W - LAST FEW!,162W - LAST FEW!",https://www.lobstersnowboards.com/shop/sender---683
/1920lobster/prod_images/med/1920-lobster-shifter-1179.png,Shifter,€399.95,,https://www.lobstersnowboards.com/shop/shifter-684
/1920lobster/prod_images/med/1920-lobster-eiki-flip-1232.png,Eiki Pro,€459.95,"148 - LAST FEW!,151 - LAST FEW!,154 - LAST FEW!,154W - LAST FEW!,156 - LAST FEW!",https://www.lobstersnowboards.com/shop/eiki-pro---680
/1920lobster/prod_images/med/1920-lobster-aaron-swartz-1169.png,Aaron Schwartz Artist Edition,€429.95,"148 - LAST FEW!,151 - LAST FEW!,154 - LAST FEW!",https://www.lobstersnowboards.com/shop/aaron-schwartz-artist-edition-678
